
INSERT INTO `jc_channel` (`channel_id`, `model_id`, `site_id`, `parent_id`, `channel_path`, `lft`, `rgt`, `priority`, `has_content`, `is_display`, `workflow_id`) VALUES
(69, 1, 1, NULL, 'nwes', 1, 14, 1, 1, 1, NULL),
(70, 5, 1, NULL, 'pic', 15, 22, 2, 1, 1, NULL),
(71, 1, 1, NULL, 'money', 23, 30, 3, 1, 1, NULL),
(72, 4, 1, NULL, 'download', 31, 38, 4, 1, 1, NULL),
(73, 1, 1, NULL, 'edu', 39, 44, 5, 1, 1, NULL),
(74, 1, 1, NULL, 'qiche', 45, 54, 7, 1, 1, NULL),
(75, 1, 1, NULL, 'yule', 55, 62, 8, 1, 1, NULL),
(76, 8, 1, NULL, 'zhaopin', 63, 70, 9, 1, 1, NULL),
(77, 6, 1, NULL, 'shipin', 71, 78, 10, 1, 1, NULL),
(78, 9, 1, NULL, 'wenku2', 79, 84, 11, 1, 1, NULL),
(79, 1, 1, 69, 'shizheng', 2, 7, 10, 1, 1, NULL),
(80, 1, 1, 79, 'guojixinwen', 3, 4, 10, 1, 1, NULL),
(81, 1, 1, 79, 'guoneixinwen', 5, 6, 10, 1, 1, NULL),
(82, 1, 1, 69, 'shehui', 8, 9, 10, 1, 1, NULL),
(83, 1, 1, 69, 'fazhi', 10, 11, 10, 1, 1, NULL),
(84, 1, 1, 69, 'junshi', 12, 13, 10, 1, 1, NULL),
(85, 5, 1, 70, 'shishang', 16, 17, 10, 1, 1, NULL),
(86, 5, 1, 70, 'xiaoyuan', 18, 19, 10, 1, 1, NULL),
(87, 5, 1, 70, 'lvyou', 20, 21, 10, 1, 1, NULL),
(88, 1, 1, 71, 'yaowen', 24, 25, 10, 1, 1, NULL),
(89, 1, 1, 71, 'gupiao', 26, 27, 10, 1, 1, NULL),
(90, 1, 1, 71, 'licai', 28, 29, 10, 1, 1, NULL),
(91, 4, 1, 72, 'ruanjian', 32, 33, 10, 1, 1, NULL),
(92, 4, 1, 72, 'youxi', 34, 35, 10, 1, 1, NULL),
(93, 4, 1, 72, 'gongju', 36, 37, 10, 1, 1, NULL),
(94, 1, 1, 73, 'wenhua', 40, 41, 10, 1, 1, NULL),
(95, 1, 1, 73, 'shi', 42, 43, 10, 1, 1, NULL),
(96, 1, 1, 74, 'cheqing', 46, 47, 10, 1, 1, NULL),
(97, 1, 1, 74, 'tupian', 48, 49, 10, 1, 1, NULL),
(98, 1, 1, 74, 'xinche', 50, 51, 10, 1, 1, NULL),
(99, 1, 1, 74, 'weixiu', 52, 53, 10, 1, 1, NULL),
(100, 1, 1, 75, 'mingxing', 56, 57, 10, 1, 1, NULL),
(101, 1, 1, 75, 'bagua', 58, 59, 10, 1, 1, NULL),
(102, 1, 1, 75, 'qinggan', 60, 61, 10, 1, 1, NULL),
(103, 8, 1, 76, 'it', 64, 65, 10, 1, 1, NULL),
(104, 8, 1, 76, 'tongxin', 66, 67, 10, 1, 1, NULL),
(105, 8, 1, 76, 'jiadian', 68, 69, 10, 1, 1, NULL),
(106, 6, 1, 77, 'dianying', 72, 73, 10, 1, 1, NULL),
(107, 6, 1, 77, 'zongyi', 74, 75, 10, 1, 1, NULL),
(108, 6, 1, 77, 'dianshi', 76, 77, 10, 1, 1, NULL),
(109, 9, 1, 78, 'jiaoyu', 80, 81, 10, 1, 1, NULL),
(110, 9, 1, 78, 'keji1', 82, 83, 10, 1, 1, NULL),
(111, 1, 1, NULL, 'onlineSurvey', 85, 86, 6, 1, 1, NULL);



--


INSERT INTO `jc_model` (`model_id`, `model_name`, `model_path`, `tpl_channel_prefix`, `tpl_content_prefix`, `title_img_width`, `title_img_height`, `content_img_width`, `content_img_height`, `priority`, `has_content`, `is_disabled`, `is_def`) VALUES
(1, '新闻', '1', '新闻栏目', '新闻内容', 139, 139, 310, 310, 1, 1, 0, 1),
(2, '单页', '2', '单页', '', 139, 139, 310, 310, 2, 0, 0, 0),
(3, '作品', '3', '作品栏目', '作品内容', 139, 139, 310, 310, 3, 1, 0, 0),
(4, '下载', '4', '下载栏目', '下载内容', 139, 139, 310, 310, 4, 1, 0, 0),
(5, '图库', '5', '图库栏目', '图库内容', 139, 139, 310, 310, 5, 1, 0, 0),
(6, '视频', '6', '视频栏目', '视频内容', 139, 139, 310, 310, 10, 1, 0, 0),
(7, '产品', '7', '产品栏目', '产品内容', 139, 139, 310, 310, 10, 1, 0, 0),
(8, '招聘', 'job', '招聘栏目', '招聘内容', 139, 139, 310, 310, 10, 1, 0, 0),
(9, '文库', 'wenku', '文库栏目', '文库内容', 139, 139, 310, 310, 10, 1, 0, 0);

INSERT INTO `jc_model_item` (`modelitem_id`, `model_id`, `field`, `item_label`, `priority`, `def_value`, `opt_value`, `text_size`, `area_rows`, `area_cols`, `help`, `help_position`, `data_type`, `is_single`, `is_channel`, `is_custom`, `is_display`) VALUES
(1, 1, 'name', '栏目名称', 10, NULL, NULL, NULL, NULL, NULL, NULL, NULL, 1, 0, 1, 0, 1),
(2, 1, 'path', '访问路径', 10, NULL, NULL, NULL, NULL, NULL, NULL, NULL, 2, 0, 1, 0, 1),
(3, 1, 'title', 'meta标题', 10, NULL, NULL, NULL, NULL, NULL, NULL, NULL, 1, 0, 1, 0, 1),
(4, 1, 'keywords', 'meta关键字', 10, NULL, NULL, NULL, NULL, NULL, NULL, NULL, 1, 0, 1, 0, 1),
(5, 1, 'description', 'meta描述', 10, NULL, NULL, NULL, NULL, NULL, NULL, NULL, 4, 1, 1, 0, 1),
(6, 1, 'tplChannel', '栏目模板', 10, NULL, NULL, NULL, NULL, NULL, NULL, NULL, 6, 0, 1, 0, 1),
(7, 1, 'tplContent', '选择模型模板', 10, NULL, NULL, NULL, NULL, NULL, NULL, NULL, 6, 0, 1, 0, 1),
(8, 1, 'channelStatic', '栏目静态化', 10, NULL, NULL, NULL, NULL, NULL, NULL, NULL, 4, 1, 1, 0, 1),
(9, 1, 'contentStatic', '内容静态化', 10, NULL, NULL, NULL, NULL, NULL, NULL, NULL, 4, 1, 1, 0, 1),
(10, 1, 'priority', '排列顺序', 10, NULL, NULL, NULL, NULL, NULL, NULL, NULL, 2, 0, 1, 0, 1),
(11, 1, 'display', '显示', 10, NULL, NULL, NULL, NULL, NULL, NULL, NULL, 8, 0, 1, 0, 1),
(12, 1, 'docImg', '文档图片', 10, NULL, NULL, NULL, NULL, NULL, NULL, NULL, 8, 1, 1, 0, 1),
(13, 1, 'finalStep', '终审级别', 10, NULL, NULL, NULL, NULL, NULL, NULL, NULL, 2, 0, 1, 0, 1),
(14, 1, 'afterCheck', '审核后', 10, NULL, NULL, NULL, NULL, NULL, NULL, NULL, 6, 0, 1, 0, 1),
(15, 1, 'commentControl', '评论', 10, NULL, NULL, NULL, NULL, NULL, NULL, NULL, 8, 0, 1, 0, 1),
(16, 1, 'allowUpdown', '顶踩', 10, NULL, NULL, NULL, NULL, NULL, NULL, NULL, 8, 0, 1, 0, 1),
(17, 1, 'viewGroupIds', '浏览权限', 10, NULL, NULL, NULL, NULL, NULL, NULL, NULL, 7, 0, 1, 0, 1),
(18, 1, 'contriGroupIds', '投稿权限', 10, NULL, NULL, NULL, NULL, NULL, NULL, NULL, 7, 0, 1, 0, 1),
(19, 1, 'userIds', '管理权限', 10, NULL, NULL, NULL, NULL, NULL, NULL, NULL, 7, 1, 1, 0, 1),
(20, 1, 'link', '外部链接', 10, NULL, NULL, NULL, NULL, NULL, NULL, NULL, 1, 1, 1, 0, 1),
(21, 1, 'titleImg', '标题图', 10, NULL, NULL, NULL, NULL, NULL, NULL, NULL, 1, 1, 1, 0, 1),
(23, 1, 'title', '标题', 9, NULL, NULL, NULL, NULL, NULL, NULL, NULL, 1, 1, 0, 0, 1),
(24, 1, 'shortTitle', '简短标题', 10, NULL, NULL, NULL, NULL, NULL, NULL, NULL, 1, 0, 0, 0, 1),
(25, 1, 'titleColor', '标题颜色', 10, NULL, NULL, NULL, NULL, NULL, NULL, NULL, 6, 0, 0, 0, 1),
(26, 1, 'tagStr', 'Tag标签', 10, NULL, NULL, NULL, NULL, NULL, NULL, NULL, 1, 1, 0, 0, 1),
(27, 1, 'description', '摘要', 10, NULL, NULL, NULL, NULL, NULL, NULL, NULL, 4, 1, 0, 0, 1),
(28, 1, 'author', '作者', 10, NULL, NULL, NULL, NULL, NULL, NULL, NULL, 1, 0, 0, 0, 1),
(29, 1, 'origin', '来源', 10, NULL, NULL, NULL, NULL, NULL, NULL, NULL, 1, 0, 0, 0, 1),
(30, 1, 'viewGroupIds', '浏览权限', 10, NULL, NULL, NULL, NULL, NULL, NULL, NULL, 7, 1, 0, 0, 1),
(31, 1, 'topLevel', '固顶级别', 10, NULL, NULL, NULL, NULL, NULL, NULL, NULL, 6, 0, 0, 0, 1),
(32, 1, 'releaseDate', '发布时间', 10, NULL, NULL, NULL, NULL, NULL, NULL, NULL, 5, 0, 0, 0, 1),
(33, 1, 'typeId', '内容类型', 10, NULL, NULL, NULL, NULL, NULL, NULL, NULL, 6, 0, 0, 0, 1),
(34, 1, 'tplContent', '指定模板', 10, NULL, NULL, NULL, NULL, NULL, NULL, NULL, 6, 0, 0, 0, 1),
(35, 1, 'typeImg', '类型图', 10, NULL, NULL, NULL, NULL, NULL, NULL, NULL, 1, 1, 0, 0, 1),
(36, 1, 'titleImg', '标题图', 10, NULL, NULL, NULL, NULL, NULL, NULL, NULL, 1, 1, 0, 0, 1),
(37, 1, 'contentImg', '内容图', 10, NULL, NULL, NULL, NULL, NULL, NULL, NULL, 1, 1, 0, 0, 1),
(38, 1, 'attachments', '附件', 10, NULL, NULL, NULL, NULL, NULL, NULL, NULL, 1, 1, 0, 0, 1),
(39, 1, 'media', '多媒体', 10, NULL, NULL, NULL, NULL, NULL, NULL, NULL, 1, 1, 0, 0, 1),
(40, 1, 'txt', '内容', 10, NULL, NULL, NULL, NULL, NULL, NULL, NULL, 4, 1, 0, 0, 1),
(42, 2, 'name', '栏目名称', 10, NULL, NULL, NULL, NULL, NULL, NULL, NULL, 1, 0, 1, 0, 1),
(43, 2, 'path', '访问路径', 10, NULL, NULL, NULL, NULL, NULL, NULL, NULL, 2, 0, 1, 0, 1),
(44, 2, 'title', 'meta标题', 10, NULL, NULL, NULL, NULL, NULL, NULL, NULL, 1, 0, 1, 0, 1),
(45, 2, 'keywords', 'meta关键字', 10, NULL, NULL, NULL, NULL, NULL, NULL, NULL, 1, 0, 1, 0, 1),
(46, 2, 'description', 'meta描述', 10, NULL, NULL, NULL, NULL, NULL, NULL, NULL, 4, 1, 1, 0, 1),
(47, 2, 'tplChannel', '栏目模板', 10, NULL, NULL, NULL, NULL, NULL, NULL, NULL, 6, 0, 1, 0, 1),
(48, 2, 'priority', '排列顺序', 10, NULL, NULL, NULL, NULL, NULL, NULL, NULL, 2, 0, 1, 0, 1),
(49, 2, 'display', '显示', 10, NULL, NULL, NULL, NULL, NULL, NULL, NULL, 8, 0, 1, 0, 1),
(50, 2, 'viewGroupIds', '浏览权限', 10, NULL, NULL, NULL, NULL, NULL, NULL, NULL, 7, 0, 1, 0, 1),
(51, 2, 'link', '外部链接', 10, NULL, NULL, NULL, NULL, NULL, NULL, NULL, 1, 1, 1, 0, 1),
(52, 2, 'contentImg', '内容图', 10, NULL, NULL, NULL, NULL, NULL, NULL, NULL, 1, 1, 1, 0, 1),
(53, 2, 'txt', '内容', 10, NULL, NULL, NULL, NULL, NULL, NULL, NULL, 4, 1, 1, 0, 1),
(54, 3, 'name', '栏目名称', 10, NULL, NULL, NULL, NULL, NULL, NULL, NULL, 1, 0, 1, 0, 1),
(55, 3, 'path', '访问路径', 10, NULL, NULL, NULL, NULL, NULL, NULL, NULL, 2, 0, 1, 0, 1),
(56, 3, 'title', 'meta标题', 10, NULL, NULL, NULL, NULL, NULL, NULL, NULL, 1, 0, 1, 0, 1),
(57, 3, 'keywords', 'meta关键字', 10, NULL, NULL, NULL, NULL, NULL, NULL, NULL, 1, 0, 1, 0, 1),
(58, 3, 'description', 'meta描述', 10, NULL, NULL, NULL, NULL, NULL, NULL, NULL, 4, 1, 1, 0, 1),
(59, 3, 'tplChannel', '栏目模板', 10, NULL, NULL, NULL, NULL, NULL, NULL, NULL, 6, 0, 1, 0, 1),
(60, 3, 'tplContent', '选择模型模板', 10, NULL, NULL, NULL, NULL, NULL, NULL, NULL, 6, 0, 1, 0, 1),
(61, 3, 'priority', '排列顺序', 10, NULL, NULL, NULL, NULL, NULL, NULL, NULL, 2, 0, 1, 0, 1),
(62, 3, 'display', '显示', 10, NULL, NULL, NULL, NULL, NULL, NULL, NULL, 8, 0, 1, 0, 1),
(63, 3, 'docImg', '文档图片', 10, NULL, NULL, NULL, NULL, NULL, NULL, NULL, 8, 1, 1, 0, 1),
(64, 3, 'commentControl', '评论', 10, NULL, NULL, NULL, NULL, NULL, NULL, NULL, 8, 0, 1, 0, 1),
(65, 3, 'allowUpdown', '顶踩', 10, NULL, NULL, NULL, NULL, NULL, NULL, NULL, 8, 0, 1, 0, 1),
(66, 3, 'viewGroupIds', '浏览权限', 10, NULL, NULL, NULL, NULL, NULL, NULL, NULL, 7, 0, 1, 0, 1),
(67, 3, 'contriGroupIds', '投稿权限', 10, NULL, NULL, NULL, NULL, NULL, NULL, NULL, 7, 0, 1, 0, 1),
(68, 3, 'userIds', '管理权限', 10, NULL, NULL, NULL, NULL, NULL, NULL, NULL, 7, 1, 1, 0, 1),
(69, 3, 'link', '外部链接', 10, NULL, NULL, NULL, NULL, NULL, NULL, NULL, 1, 1, 1, 0, 1),
(70, 3, 'titleImg', '标题图', 10, NULL, NULL, NULL, NULL, NULL, NULL, NULL, 1, 1, 1, 0, 1),
(73, 3, 'channelId', '栏目', 10, NULL, NULL, NULL, NULL, NULL, NULL, NULL, 6, 1, 0, 0, 1),
(74, 3, 'title', '标题', 10, NULL, NULL, NULL, NULL, NULL, NULL, NULL, 1, 1, 0, 0, 1),
(75, 3, 'shortTitle', '简短标题', 10, NULL, NULL, NULL, NULL, NULL, NULL, NULL, 1, 0, 0, 0, 1),
(76, 3, 'titleColor', '标题颜色', 10, NULL, NULL, NULL, NULL, NULL, NULL, NULL, 6, 0, 0, 0, 1),
(77, 3, 'tagStr', 'Tag标签', 10, NULL, NULL, NULL, NULL, NULL, NULL, NULL, 1, 1, 0, 0, 1),
(78, 3, 'description', '摘要', 10, NULL, NULL, NULL, NULL, NULL, NULL, NULL, 4, 1, 0, 0, 1),
(79, 3, 'author', '作者', 10, NULL, NULL, NULL, NULL, NULL, NULL, NULL, 1, 0, 0, 0, 1),
(80, 3, 'origin', '来源', 10, NULL, NULL, NULL, NULL, NULL, NULL, NULL, 1, 0, 0, 0, 1),
(81, 3, 'viewGroupIds', '浏览权限', 10, NULL, NULL, NULL, NULL, NULL, NULL, NULL, 7, 1, 0, 0, 1),
(82, 3, 'topLevel', '固顶级别', 10, NULL, NULL, NULL, NULL, NULL, NULL, NULL, 6, 0, 0, 0, 1),
(83, 3, 'releaseDate', '发布时间', 10, NULL, NULL, NULL, NULL, NULL, NULL, NULL, 5, 0, 0, 0, 1),
(84, 3, 'typeId', '内容类型', 10, NULL, NULL, NULL, NULL, NULL, NULL, NULL, 6, 0, 0, 0, 1),
(85, 3, 'tplContent', '指定模板', 10, NULL, NULL, NULL, NULL, NULL, NULL, NULL, 6, 0, 0, 0, 1),
(86, 3, 'typeImg', '类型图', 10, NULL, NULL, NULL, NULL, NULL, NULL, NULL, 1, 1, 0, 0, 1),
(87, 3, 'titleImg', '标题图', 10, NULL, NULL, NULL, NULL, NULL, NULL, NULL, 1, 1, 0, 0, 1),
(88, 3, 'contentImg', '内容图', 10, NULL, NULL, NULL, NULL, NULL, NULL, NULL, 1, 1, 0, 0, 1),
(89, 3, 'attachments', '附件', 10, NULL, NULL, NULL, NULL, NULL, NULL, NULL, 1, 1, 0, 0, 1),
(90, 3, 'media', '多媒体', 10, NULL, NULL, NULL, NULL, NULL, NULL, NULL, 1, 1, 0, 0, 1),
(91, 3, 'txt', '内容', 10, NULL, NULL, NULL, NULL, NULL, NULL, NULL, 4, 1, 0, 0, 1),
(92, 3, 'pictures', '图片集', 10, NULL, NULL, NULL, NULL, NULL, NULL, NULL, 4, 1, 0, 0, 1),
(93, 4, 'name', '栏目名称', 10, NULL, NULL, NULL, NULL, NULL, NULL, NULL, 1, 0, 1, 0, 1),
(94, 4, 'path', '访问路径', 10, NULL, NULL, NULL, NULL, NULL, NULL, NULL, 2, 0, 1, 0, 1),
(95, 4, 'title', 'meta标题', 10, NULL, NULL, NULL, NULL, NULL, NULL, NULL, 1, 0, 1, 0, 1),
(96, 4, 'keywords', 'meta关键字', 10, NULL, NULL, NULL, NULL, NULL, NULL, NULL, 1, 0, 1, 0, 1),
(97, 4, 'description', 'meta描述', 10, NULL, NULL, NULL, NULL, NULL, NULL, NULL, 4, 1, 1, 0, 1),
(98, 4, 'tplChannel', '栏目模板', 10, NULL, NULL, NULL, NULL, NULL, NULL, NULL, 6, 0, 1, 0, 1),
(99, 4, 'tplContent', '选择模型模板', 10, NULL, NULL, NULL, NULL, NULL, NULL, NULL, 6, 0, 1, 0, 1),
(100, 4, 'priority', '排列顺序', 10, NULL, NULL, NULL, NULL, NULL, NULL, NULL, 2, 0, 1, 0, 1),
(101, 4, 'display', '显示', 10, NULL, NULL, NULL, NULL, NULL, NULL, NULL, 8, 0, 1, 0, 1),
(102, 4, 'docImg', '文档图片', 10, NULL, NULL, NULL, NULL, NULL, NULL, NULL, 8, 1, 1, 0, 1),
(103, 4, 'commentControl', '评论', 10, NULL, NULL, NULL, NULL, NULL, NULL, NULL, 8, 0, 1, 0, 1),
(104, 4, 'allowUpdown', '顶踩', 10, NULL, NULL, NULL, NULL, NULL, NULL, NULL, 8, 0, 1, 0, 1),
(105, 4, 'viewGroupIds', '浏览权限', 10, NULL, NULL, NULL, NULL, NULL, NULL, NULL, 7, 1, 1, 0, 1),
(106, 4, 'userIds', '管理权限', 10, NULL, NULL, NULL, NULL, NULL, NULL, NULL, 7, 1, 1, 0, 1),
(107, 4, 'channelId', '栏目', 1, NULL, NULL, NULL, NULL, NULL, NULL, NULL, 6, 1, 0, 0, 1),
(108, 4, 'title', '软件名称', 2, NULL, NULL, NULL, NULL, NULL, NULL, NULL, 1, 1, 0, 0, 1),
(109, 4, 'shortTitle', '软件版本', 3, NULL, NULL, NULL, NULL, NULL, NULL, NULL, 1, 0, 0, 0, 1),
(110, 4, 'titleColor', '标题颜色', 4, NULL, NULL, NULL, NULL, NULL, NULL, NULL, 6, 0, 0, 0, 1),
(111, 4, 'description', '摘要', 5, NULL, NULL, NULL, NULL, NULL, NULL, NULL, 4, 1, 0, 0, 1),
(112, 4, 'author', '发布人', 6, NULL, NULL, NULL, NULL, NULL, NULL, NULL, 1, 0, 0, 0, 1),
(113, 4, 'viewGroupIds', '浏览权限', 7, NULL, NULL, NULL, NULL, NULL, NULL, NULL, 7, 0, 0, 0, 1),
(114, 4, 'topLevel', '固顶级别', 8, NULL, NULL, NULL, NULL, NULL, NULL, NULL, 6, 0, 0, 0, 1),
(115, 4, 'releaseDate', '发布时间', 9, NULL, NULL, NULL, NULL, NULL, NULL, NULL, 5, 0, 0, 0, 1),
(116, 4, 'typeId', '内容类型', 21, NULL, NULL, NULL, NULL, NULL, NULL, NULL, 6, 0, 0, 0, 1),
(117, 4, 'tplContent', '指定模板', 22, NULL, NULL, NULL, NULL, NULL, NULL, NULL, 6, 0, 0, 0, 1),
(118, 4, 'contentImg', '内容图', 10, NULL, NULL, NULL, NULL, NULL, NULL, NULL, 1, 1, 0, 0, 1),
(119, 4, 'attachments', '资源上传', 11, NULL, NULL, NULL, NULL, NULL, NULL, NULL, 1, 1, 0, 0, 1),
(120, 4, 'txt', '软件介绍', 20, NULL, NULL, NULL, NULL, NULL, NULL, NULL, 4, 1, 0, 0, 1),
(121, 4, 'softType', '软件类型', 12, '国产软件', '国产软件,国外软件', '100', '3', '30', NULL, NULL, 6, 0, 0, 1, 1),
(122, 4, 'warrant', '软件授权', 13, '免费版', '免费版,共享版', '', '3', '30', '', '', 6, 0, 0, 1, 1),
(123, 4, 'relatedLink', '相关链接', 14, 'http://', '', '50', '3', '30', '', '', 1, 0, 0, 1, 1),
(124, 4, 'demoUrl', '演示地址', 15, 'http://', NULL, '60', '3', '30', NULL, NULL, 1, 0, 0, 1, 1),
(125, 5, 'name', '栏目名称', 10, NULL, NULL, NULL, NULL, NULL, NULL, NULL, 1, 0, 1, 0, 1),
(126, 5, 'path', '访问路径', 10, NULL, NULL, NULL, NULL, NULL, NULL, NULL, 2, 0, 1, 0, 1),
(127, 5, 'title', 'meta标题', 10, NULL, NULL, NULL, NULL, NULL, NULL, NULL, 1, 0, 1, 0, 1),
(128, 5, 'keywords', 'meta关键字', 10, NULL, NULL, NULL, NULL, NULL, NULL, NULL, 1, 0, 1, 0, 1),
(129, 5, 'description', 'meta描述', 10, NULL, NULL, NULL, NULL, NULL, NULL, NULL, 4, 1, 1, 0, 1),
(130, 5, 'tplChannel', '栏目模板', 10, NULL, NULL, NULL, NULL, NULL, NULL, NULL, 6, 0, 1, 0, 1),
(131, 5, 'tplContent', '选择模型模板', 10, NULL, NULL, NULL, NULL, NULL, NULL, NULL, 6, 0, 1, 0, 1),
(132, 5, 'channelStatic', '栏目静态化', 10, NULL, NULL, NULL, NULL, NULL, NULL, NULL, 4, 1, 1, 0, 1),
(133, 5, 'contentStatic', '内容静态化', 10, NULL, NULL, NULL, NULL, NULL, NULL, NULL, 4, 1, 1, 0, 1),
(134, 5, 'priority', '排列顺序', 10, NULL, NULL, NULL, NULL, NULL, NULL, NULL, 2, 0, 1, 0, 1),
(135, 5, 'display', '显示', 10, NULL, NULL, NULL, NULL, NULL, NULL, NULL, 8, 0, 1, 0, 1),
(136, 5, 'docImg', '文档图片', 10, NULL, NULL, NULL, NULL, NULL, NULL, NULL, 8, 1, 1, 0, 1),
(137, 5, 'finalStep', '终审级别', 10, NULL, NULL, NULL, NULL, NULL, NULL, NULL, 2, 0, 1, 0, 1),
(138, 5, 'afterCheck', '审核后', 10, NULL, NULL, NULL, NULL, NULL, NULL, NULL, 6, 0, 1, 0, 1),
(139, 5, 'commentControl', '评论', 10, NULL, NULL, NULL, NULL, NULL, NULL, NULL, 8, 0, 1, 0, 1),
(140, 5, 'allowUpdown', '顶踩', 10, NULL, NULL, NULL, NULL, NULL, NULL, NULL, 8, 0, 1, 0, 1),
(141, 5, 'viewGroupIds', '浏览权限', 10, NULL, NULL, NULL, NULL, NULL, NULL, NULL, 7, 0, 1, 0, 1),
(142, 5, 'contriGroupIds', '投稿权限', 10, NULL, NULL, NULL, NULL, NULL, NULL, NULL, 7, 0, 1, 0, 1),
(143, 5, 'userIds', '管理权限', 10, NULL, NULL, NULL, NULL, NULL, NULL, NULL, 7, 1, 1, 0, 1),
(144, 5, 'link', '外部链接', 10, NULL, NULL, NULL, NULL, NULL, NULL, NULL, 1, 1, 1, 0, 1),
(145, 5, 'titleImg', '标题图', 10, NULL, NULL, NULL, NULL, NULL, NULL, NULL, 1, 1, 1, 0, 1),
(146, 5, 'contentImg', '内容图', 10, NULL, NULL, NULL, NULL, NULL, NULL, NULL, 1, 1, 1, 0, 1),
(147, 5, 'channelId', '栏目', 10, NULL, NULL, NULL, NULL, NULL, NULL, NULL, 6, 1, 0, 0, 1),
(148, 5, 'title', '标题', 10, NULL, NULL, NULL, NULL, NULL, NULL, NULL, 1, 1, 0, 0, 1),
(149, 5, 'shortTitle', '简短标题', 10, NULL, NULL, NULL, NULL, NULL, NULL, NULL, 1, 0, 0, 0, 1),
(150, 5, 'titleColor', '标题颜色', 10, NULL, NULL, NULL, NULL, NULL, NULL, NULL, 6, 0, 0, 0, 1),
(151, 5, 'tagStr', 'Tag标签', 10, NULL, NULL, NULL, NULL, NULL, NULL, NULL, 1, 1, 0, 0, 1),
(152, 5, 'description', '摘要', 10, NULL, NULL, NULL, NULL, NULL, NULL, NULL, 4, 1, 0, 0, 1),
(153, 5, 'author', '作者', 10, NULL, NULL, NULL, NULL, NULL, NULL, NULL, 1, 0, 0, 0, 1),
(154, 5, 'origin', '来源', 10, NULL, NULL, NULL, NULL, NULL, NULL, NULL, 1, 0, 0, 0, 1),
(155, 5, 'viewGroupIds', '浏览权限', 10, NULL, NULL, NULL, NULL, NULL, NULL, NULL, 7, 1, 0, 0, 1),
(156, 5, 'topLevel', '固顶级别', 10, NULL, NULL, NULL, NULL, NULL, NULL, NULL, 6, 0, 0, 0, 1),
(157, 5, 'releaseDate', '发布时间', 10, NULL, NULL, NULL, NULL, NULL, NULL, NULL, 5, 0, 0, 0, 1),
(158, 5, 'typeId', '内容类型', 10, NULL, NULL, NULL, NULL, NULL, NULL, NULL, 6, 0, 0, 0, 1),
(159, 5, 'tplContent', '指定模板', 10, NULL, NULL, NULL, NULL, NULL, NULL, NULL, 6, 0, 0, 0, 1),
(160, 5, 'typeImg', '类型图', 10, NULL, NULL, NULL, NULL, NULL, NULL, NULL, 1, 1, 0, 0, 1),
(161, 5, 'titleImg', '标题图', 10, NULL, NULL, NULL, NULL, NULL, NULL, NULL, 1, 1, 0, 0, 1),
(162, 5, 'contentImg', '内容图', 10, NULL, NULL, NULL, NULL, NULL, NULL, NULL, 1, 1, 0, 0, 1),
(163, 5, 'pictures', '图片集', 10, NULL, NULL, NULL, NULL, NULL, NULL, NULL, 4, 1, 0, 0, 1),
(164, 6, 'name', '栏目名称', 10, NULL, NULL, NULL, NULL, NULL, NULL, NULL, 1, 0, 1, 0, 1),
(165, 6, 'path', '访问路径', 10, NULL, NULL, NULL, NULL, NULL, NULL, NULL, 2, 0, 1, 0, 1),
(166, 6, 'title', 'meta标题', 10, NULL, NULL, NULL, NULL, NULL, NULL, NULL, 1, 0, 1, 0, 1),
(167, 6, 'keywords', 'meta关键字', 10, NULL, NULL, NULL, NULL, NULL, NULL, NULL, 1, 0, 1, 0, 1),
(168, 6, 'description', 'meta描述', 10, NULL, NULL, NULL, NULL, NULL, NULL, NULL, 4, 1, 1, 0, 1),
(169, 6, 'tplChannel', '栏目模板', 10, NULL, NULL, NULL, NULL, NULL, NULL, NULL, 6, 0, 1, 0, 1),
(170, 6, 'tplContent', '选择模型模板', 10, NULL, NULL, NULL, NULL, NULL, NULL, NULL, 6, 0, 1, 0, 1),
(171, 6, 'channelStatic', '栏目静态化', 10, NULL, NULL, NULL, NULL, NULL, NULL, NULL, 4, 1, 1, 0, 1),
(172, 6, 'contentStatic', '内容静态化', 10, NULL, NULL, NULL, NULL, NULL, NULL, NULL, 4, 1, 1, 0, 1),
(173, 6, 'priority', '排列顺序', 10, NULL, NULL, NULL, NULL, NULL, NULL, NULL, 2, 0, 1, 0, 1),
(174, 6, 'display', '显示', 10, NULL, NULL, NULL, NULL, NULL, NULL, NULL, 8, 0, 1, 0, 1),
(175, 6, 'docImg', '文档图片', 10, NULL, NULL, NULL, NULL, NULL, NULL, NULL, 8, 1, 1, 0, 1),
(176, 6, 'finalStep', '终审级别', 10, NULL, NULL, NULL, NULL, NULL, NULL, NULL, 2, 0, 1, 0, 1),
(177, 6, 'afterCheck', '审核后', 10, NULL, NULL, NULL, NULL, NULL, NULL, NULL, 6, 0, 1, 0, 1),
(178, 6, 'commentControl', '评论', 10, NULL, NULL, NULL, NULL, NULL, NULL, NULL, 8, 0, 1, 0, 1),
(179, 6, 'allowUpdown', '顶踩', 10, NULL, NULL, NULL, NULL, NULL, NULL, NULL, 8, 0, 1, 0, 1),
(180, 6, 'viewGroupIds', '浏览权限', 10, NULL, NULL, NULL, NULL, NULL, NULL, NULL, 7, 0, 1, 0, 1),
(181, 6, 'contriGroupIds', '投稿权限', 10, NULL, NULL, NULL, NULL, NULL, NULL, NULL, 7, 0, 1, 0, 1),
(182, 6, 'userIds', '管理权限', 10, NULL, NULL, NULL, NULL, NULL, NULL, NULL, 7, 1, 1, 0, 1),
(183, 6, 'link', '外部链接', 10, NULL, NULL, NULL, NULL, NULL, NULL, NULL, 1, 1, 1, 0, 1),
(184, 6, 'titleImg', '标题图', 10, NULL, NULL, NULL, NULL, NULL, NULL, NULL, 1, 1, 1, 0, 1),
(185, 6, 'contentImg', '内容图', 10, NULL, NULL, NULL, NULL, NULL, NULL, NULL, 1, 1, 1, 0, 1),
(186, 6, 'channelId', '栏目', 10, NULL, NULL, NULL, NULL, NULL, NULL, NULL, 6, 1, 0, 0, 1),
(187, 6, 'title', '标题', 10, NULL, NULL, NULL, NULL, NULL, NULL, NULL, 1, 1, 0, 0, 1),
(188, 6, 'shortTitle', '简短标题', 10, NULL, NULL, NULL, NULL, NULL, NULL, NULL, 1, 0, 0, 0, 1),
(189, 6, 'titleColor', '标题颜色', 10, NULL, NULL, NULL, NULL, NULL, NULL, NULL, 6, 0, 0, 0, 1),
(190, 6, 'tagStr', 'Tag标签', 10, NULL, NULL, NULL, NULL, NULL, NULL, NULL, 1, 1, 0, 0, 1),
(191, 6, 'description', '内容简介', 10, NULL, NULL, NULL, NULL, NULL, NULL, NULL, 4, 1, 0, 0, 1),
(192, 6, 'author', '作者', 10, NULL, NULL, NULL, NULL, NULL, NULL, NULL, 1, 0, 0, 0, 0),
(193, 6, 'origin', '来源', 10, NULL, NULL, NULL, NULL, NULL, NULL, NULL, 1, 0, 0, 0, 0),
(194, 6, 'viewGroupIds', '浏览权限', 10, NULL, NULL, NULL, NULL, NULL, NULL, NULL, 7, 1, 0, 0, 1),
(195, 6, 'topLevel', '固顶级别', 10, NULL, NULL, NULL, NULL, NULL, NULL, NULL, 6, 0, 0, 0, 1),
(196, 6, 'releaseDate', '发布时间', 10, NULL, NULL, NULL, NULL, NULL, NULL, NULL, 5, 0, 0, 0, 1),
(197, 6, 'typeId', '内容类型', 10, NULL, NULL, NULL, NULL, NULL, NULL, NULL, 6, 0, 0, 0, 1),
(198, 6, 'tplContent', '指定模板', 10, NULL, NULL, NULL, NULL, NULL, NULL, NULL, 6, 0, 0, 0, 1),
(199, 6, 'typeImg', '类型图', 10, NULL, NULL, NULL, NULL, NULL, NULL, NULL, 1, 1, 0, 0, 1),
(200, 6, 'titleImg', '标题图', 10, NULL, NULL, NULL, NULL, NULL, NULL, NULL, 1, 1, 0, 0, 1),
(201, 6, 'contentImg', '内容图', 10, NULL, NULL, NULL, NULL, NULL, NULL, NULL, 1, 1, 0, 0, 1),
(202, 6, 'attachments', '附件', 10, NULL, NULL, NULL, NULL, NULL, NULL, NULL, 1, 1, 0, 0, 1),
(203, 6, 'media', '多媒体', 10, NULL, NULL, NULL, NULL, NULL, NULL, NULL, 1, 1, 0, 0, 1),
(204, 7, 'name', '栏目名称', 10, NULL, NULL, NULL, NULL, NULL, NULL, NULL, 1, 0, 1, 0, 1),
(205, 7, 'path', '访问路径', 10, NULL, NULL, NULL, NULL, NULL, NULL, NULL, 2, 0, 1, 0, 1),
(206, 7, 'title', 'meta标题', 10, NULL, NULL, NULL, NULL, NULL, NULL, NULL, 1, 0, 1, 0, 1),
(207, 7, 'keywords', 'meta关键字', 10, NULL, NULL, NULL, NULL, NULL, NULL, NULL, 1, 0, 1, 0, 1),
(208, 7, 'description', 'meta描述', 10, NULL, NULL, NULL, NULL, NULL, NULL, NULL, 4, 1, 1, 0, 1),
(209, 7, 'tplChannel', '栏目模板', 10, NULL, NULL, NULL, NULL, NULL, NULL, NULL, 6, 0, 1, 0, 1),
(210, 7, 'tplContent', '选择模型模板', 10, NULL, NULL, NULL, NULL, NULL, NULL, NULL, 6, 0, 1, 0, 1),
(211, 7, 'channelStatic', '栏目静态化', 10, NULL, NULL, NULL, NULL, NULL, NULL, NULL, 4, 1, 1, 0, 1),
(212, 7, 'contentStatic', '内容静态化', 10, NULL, NULL, NULL, NULL, NULL, NULL, NULL, 4, 1, 1, 0, 1),
(213, 7, 'priority', '排列顺序', 10, NULL, NULL, NULL, NULL, NULL, NULL, NULL, 2, 0, 1, 0, 1),
(214, 7, 'display', '显示', 10, NULL, NULL, NULL, NULL, NULL, NULL, NULL, 8, 0, 1, 0, 1),
(215, 7, 'docImg', '文档图片', 10, NULL, NULL, NULL, NULL, NULL, NULL, NULL, 8, 1, 1, 0, 1),
(216, 7, 'finalStep', '终审级别', 10, NULL, NULL, NULL, NULL, NULL, NULL, NULL, 2, 0, 1, 0, 1),
(217, 7, 'afterCheck', '审核后', 10, NULL, NULL, NULL, NULL, NULL, NULL, NULL, 6, 0, 1, 0, 1),
(218, 7, 'commentControl', '评论', 10, NULL, NULL, NULL, NULL, NULL, NULL, NULL, 8, 0, 1, 0, 1),
(219, 7, 'allowUpdown', '顶踩', 10, NULL, NULL, NULL, NULL, NULL, NULL, NULL, 8, 0, 1, 0, 1),
(220, 7, 'viewGroupIds', '浏览权限', 10, NULL, NULL, NULL, NULL, NULL, NULL, NULL, 7, 0, 1, 0, 1),
(221, 7, 'contriGroupIds', '投稿权限', 10, NULL, NULL, NULL, NULL, NULL, NULL, NULL, 7, 0, 1, 0, 1),
(222, 7, 'userIds', '管理权限', 10, NULL, NULL, NULL, NULL, NULL, NULL, NULL, 7, 1, 1, 0, 1),
(223, 7, 'link', '外部链接', 10, NULL, NULL, NULL, NULL, NULL, NULL, NULL, 1, 1, 1, 0, 1),
(224, 7, 'titleImg', '标题图', 10, NULL, NULL, NULL, NULL, NULL, NULL, NULL, 1, 1, 1, 0, 1),
(225, 7, 'contentImg', '内容图', 10, NULL, NULL, NULL, NULL, NULL, NULL, NULL, 1, 1, 1, 0, 1),
(226, 7, 'channelId', '栏目', 10, NULL, NULL, NULL, NULL, NULL, NULL, NULL, 6, 1, 0, 0, 1),
(227, 7, 'title', '标题', 10, NULL, NULL, NULL, NULL, NULL, NULL, NULL, 1, 1, 0, 0, 1),
(228, 7, 'shortTitle', '简短标题', 10, NULL, NULL, NULL, NULL, NULL, NULL, NULL, 1, 0, 0, 0, 1),
(229, 7, 'titleColor', '标题颜色', 10, NULL, NULL, NULL, NULL, NULL, NULL, NULL, 6, 0, 0, 0, 1),
(230, 7, 'tagStr', 'Tag标签', 10, NULL, NULL, NULL, NULL, NULL, NULL, NULL, 1, 1, 0, 0, 1),
(231, 7, 'description', '摘要', 10, NULL, NULL, NULL, NULL, NULL, NULL, NULL, 4, 1, 0, 0, 1),
(232, 7, 'author', '作者', 10, NULL, NULL, NULL, NULL, NULL, NULL, NULL, 1, 0, 0, 0, 1),
(233, 7, 'origin', '来源', 10, NULL, NULL, NULL, NULL, NULL, NULL, NULL, 1, 0, 0, 0, 1),
(234, 7, 'viewGroupIds', '浏览权限', 10, NULL, NULL, NULL, NULL, NULL, NULL, NULL, 7, 1, 0, 0, 1),
(235, 7, 'topLevel', '固顶级别', 10, NULL, NULL, NULL, NULL, NULL, NULL, NULL, 6, 0, 0, 0, 1),
(236, 7, 'releaseDate', '发布时间', 10, NULL, NULL, NULL, NULL, NULL, NULL, NULL, 5, 0, 0, 0, 1),
(237, 7, 'typeId', '内容类型', 10, NULL, NULL, NULL, NULL, NULL, NULL, NULL, 6, 0, 0, 0, 1),
(238, 7, 'tplContent', '指定模板', 10, NULL, NULL, NULL, NULL, NULL, NULL, NULL, 6, 0, 0, 0, 1),
(239, 7, 'typeImg', '类型图', 10, NULL, NULL, NULL, NULL, NULL, NULL, NULL, 1, 1, 0, 0, 1),
(240, 7, 'titleImg', '标题图', 10, NULL, NULL, NULL, NULL, NULL, NULL, NULL, 1, 1, 0, 0, 1),
(241, 7, 'contentImg', '内容图', 10, NULL, NULL, NULL, NULL, NULL, NULL, NULL, 1, 1, 0, 0, 1),
(242, 7, 'txt', '内容', 10, NULL, NULL, NULL, NULL, NULL, NULL, NULL, 4, 1, 0, 0, 1),
(243, 7, 'marketprice', '市场价', 10, NULL, NULL, NULL, '3', '30', NULL, NULL, 3, 1, 0, 1, 1),
(244, 7, 'price', '价格', 10, NULL, NULL, NULL, '3', '30', NULL, NULL, 3, 1, 0, 1, 1),
(246, 4, 'titleImg', '标题图', 10, NULL, NULL, NULL, NULL, NULL, NULL, NULL, 1, 1, 0, 0, 1),
(247, 1, 'pictures', '图片集', 10, NULL, NULL, NULL, NULL, NULL, NULL, NULL, 4, 1, 0, 0, 1),
(249, 8, 'name', '栏目名称', 10, NULL, NULL, NULL, NULL, NULL, NULL, NULL, 1, 0, 1, 0, 1),
(250, 8, 'path', '访问路径', 10, NULL, NULL, NULL, NULL, NULL, NULL, NULL, 2, 0, 1, 0, 1),
(251, 8, 'title', 'meta标题', 10, NULL, NULL, NULL, NULL, NULL, NULL, NULL, 1, 0, 1, 0, 1),
(252, 8, 'keywords', 'meta关键字', 10, NULL, NULL, NULL, NULL, NULL, NULL, NULL, 1, 0, 1, 0, 1),
(253, 8, 'description', 'meta描述', 10, NULL, NULL, NULL, NULL, NULL, NULL, NULL, 4, 1, 1, 0, 1),
(254, 8, 'tplChannel', '栏目模板', 10, NULL, NULL, NULL, NULL, NULL, NULL, NULL, 6, 0, 1, 0, 1),
(255, 8, 'tplContent', '选择模型模板', 10, NULL, NULL, NULL, NULL, NULL, NULL, NULL, 6, 0, 1, 0, 1),
(256, 8, 'channelStatic', '栏目静态化', 10, NULL, NULL, NULL, NULL, NULL, NULL, NULL, 4, 1, 1, 0, 1),
(257, 8, 'contentStatic', '内容静态化', 10, NULL, NULL, NULL, NULL, NULL, NULL, NULL, 4, 1, 1, 0, 1),
(258, 8, 'priority', '排列顺序', 10, NULL, NULL, NULL, NULL, NULL, NULL, NULL, 2, 0, 1, 0, 1),
(259, 8, 'display', '显示', 10, NULL, NULL, NULL, NULL, NULL, NULL, NULL, 8, 0, 1, 0, 1),
(260, 8, 'docImg', '文档图片', 10, NULL, NULL, NULL, NULL, NULL, NULL, NULL, 8, 1, 1, 0, 1),
(261, 8, 'finalStep', '终审级别', 10, NULL, NULL, NULL, NULL, NULL, NULL, NULL, 2, 0, 1, 0, 1),
(262, 8, 'afterCheck', '审核后', 10, NULL, NULL, NULL, NULL, NULL, NULL, NULL, 6, 0, 1, 0, 1),
(263, 8, 'commentControl', '评论', 10, NULL, NULL, NULL, NULL, NULL, NULL, NULL, 8, 0, 1, 0, 1),
(264, 8, 'allowUpdown', '顶踩', 10, NULL, NULL, NULL, NULL, NULL, NULL, NULL, 8, 0, 1, 0, 1),
(265, 8, 'viewGroupIds', '浏览权限', 10, NULL, NULL, NULL, NULL, NULL, NULL, NULL, 7, 0, 1, 0, 1),
(266, 8, 'contriGroupIds', '投稿权限', 10, NULL, NULL, NULL, NULL, NULL, NULL, NULL, 7, 0, 1, 0, 1),
(267, 8, 'userIds', '管理权限', 10, NULL, NULL, NULL, NULL, NULL, NULL, NULL, 7, 1, 1, 0, 1),
(268, 8, 'link', '外部链接', 10, NULL, NULL, NULL, NULL, NULL, NULL, NULL, 1, 1, 1, 0, 1),
(269, 8, 'titleImg', '标题图', 10, NULL, NULL, NULL, NULL, NULL, NULL, NULL, 1, 1, 1, 0, 1),
(270, 8, 'contentImg', '内容图', 10, NULL, NULL, NULL, NULL, NULL, NULL, NULL, 1, 1, 1, 0, 1),
(271, 8, 'channelId', '栏目', 1, NULL, NULL, NULL, NULL, NULL, NULL, NULL, 6, 1, 0, 0, 1),
(272, 8, 'title', '岗位名称', 1, NULL, NULL, NULL, NULL, NULL, NULL, NULL, 1, 1, 0, 0, 1),
(275, 8, 'tagStr', 'Tag标签', 7, NULL, NULL, NULL, NULL, NULL, NULL, NULL, 1, 1, 0, 0, 1),
(279, 8, 'viewGroupIds', '浏览权限', 8, NULL, NULL, NULL, NULL, NULL, NULL, NULL, 7, 0, 0, 0, 1),
(280, 8, 'topLevel', '固顶级别', 7, NULL, NULL, NULL, NULL, NULL, NULL, NULL, 6, 0, 0, 0, 1),
(281, 8, 'releaseDate', '发布时间', 2, NULL, NULL, NULL, NULL, NULL, NULL, NULL, 5, 0, 0, 0, 1),
(282, 8, 'typeId', '内容类型', 7, NULL, NULL, NULL, NULL, NULL, NULL, NULL, 6, 0, 0, 0, 1),
(283, 8, 'tplContent', '指定模板', 8, NULL, NULL, NULL, NULL, NULL, NULL, NULL, 6, 0, 0, 0, 1),
(289, 8, 'txt', '职位描述', 10, NULL, NULL, NULL, NULL, NULL, NULL, NULL, 4, 1, 0, 0, 1),
(290, 8, 'deadline', '截止日期', 2, NULL, NULL, NULL, '3', '30', '留空永久有效', NULL, 5, 0, 0, 1, 1),
(291, 8, 'experience', '工作经验', 3, NULL, '1年以内,1年以上,2年以上,3年以上,4年以上,5年以上,不限', NULL, '3', '30', NULL, NULL, 6, 0, 0, 1, 1),
(292, 8, 'education', '最低学历', 3, '', '专科,本科,硕士,不限', '', '3', '30', '', '', 6, 0, 0, 1, 1),
(293, 8, 'salary', '职位月薪', 4, NULL, '2000-3000,3000-5000,4000-6000,5000-7000,6000-8000,8000+,面议', NULL, '3', '30', NULL, NULL, 6, 0, 0, 1, 1),
(294, 8, 'workplace', '工作地点', 4, '', '北京,上海,深圳,广州,重庆,南京,杭州,西安,南昌', '', '3', '30', '', '', 7, 0, 0, 1, 1),
(295, 8, 'nature', '工作性质', 5, '', '全职,兼职', '', '3', '30', '', '', 8, 0, 0, 1, 1),
(296, 8, 'hasmanage', '管理经验', 5, '', '要求,不要求', '', '3', '30', '', '', 8, 0, 0, 1, 1),
(297, 8, 'nums', '招聘人数', 6, '', '1-3人,3-5人,5-10人,若干', '', '3', '30', '', '', 6, 0, 0, 1, 1),
(298, 8, 'category', '职位类别', 6, NULL, '项目主管,java高级工程师,java工程师,网页设计师,测试人员,技术支持', NULL, '3', '30', NULL, NULL, 6, 0, 0, 1, 1),
(299, 9, 'name', '栏目名称', 10, NULL, NULL, NULL, NULL, NULL, NULL, NULL, 1, 0, 1, 0, 1),
(300, 9, 'path', '访问路径', 10, NULL, NULL, NULL, NULL, NULL, NULL, NULL, 2, 0, 1, 0, 1),
(301, 9, 'title', 'meta标题', 10, NULL, NULL, NULL, NULL, NULL, NULL, NULL, 1, 0, 1, 0, 1),
(302, 9, 'keywords', 'meta关键字', 10, NULL, NULL, NULL, NULL, NULL, NULL, NULL, 1, 0, 1, 0, 1),
(303, 9, 'description', 'meta描述', 10, NULL, NULL, NULL, NULL, NULL, NULL, NULL, 4, 1, 1, 0, 1),
(304, 9, 'tplChannel', '栏目模板', 10, NULL, NULL, NULL, NULL, NULL, NULL, NULL, 6, 0, 1, 0, 1),
(305, 9, 'tplContent', '内容模板', 10, NULL, NULL, NULL, NULL, NULL, NULL, NULL, 6, 0, 1, 0, 1),
(306, 9, 'channelStatic', '栏目静态化', 10, NULL, NULL, NULL, NULL, NULL, NULL, NULL, 4, 1, 1, 0, 1),
(307, 9, 'contentStatic', '内容静态化', 10, NULL, NULL, NULL, NULL, NULL, NULL, NULL, 4, 1, 1, 0, 1),
(308, 9, 'priority', '排列顺序', 10, NULL, NULL, NULL, NULL, NULL, NULL, NULL, 2, 0, 1, 0, 1),
(309, 9, 'display', '显示', 10, NULL, NULL, NULL, NULL, NULL, NULL, NULL, 8, 0, 1, 0, 1),
(310, 9, 'docImg', '文档图片', 10, NULL, NULL, NULL, NULL, NULL, NULL, NULL, 8, 1, 1, 0, 1),
(311, 9, 'finalStep', '终审级别', 10, NULL, NULL, NULL, NULL, NULL, NULL, NULL, 2, 0, 1, 0, 1),
(312, 9, 'afterCheck', '审核后', 10, NULL, NULL, NULL, NULL, NULL, NULL, NULL, 6, 0, 1, 0, 1),
(313, 9, 'commentControl', '评论', 10, NULL, NULL, NULL, NULL, NULL, NULL, NULL, 8, 0, 1, 0, 1),
(314, 9, 'allowUpdown', '顶踩', 10, NULL, NULL, NULL, NULL, NULL, NULL, NULL, 8, 0, 1, 0, 1),
(315, 9, 'viewGroupIds', '浏览权限', 10, NULL, NULL, NULL, NULL, NULL, NULL, NULL, 7, 0, 1, 0, 1),
(316, 9, 'contriGroupIds', '投稿权限', 10, NULL, NULL, NULL, NULL, NULL, NULL, NULL, 7, 0, 1, 0, 1),
(317, 9, 'channelId', '栏目', 10, NULL, NULL, NULL, NULL, NULL, NULL, NULL, 6, 1, 0, 0, 1),
(318, 9, 'title', '标题', 10, NULL, NULL, NULL, NULL, NULL, NULL, NULL, 1, 1, 0, 0, 1),
(319, 9, 'shortTitle', '简短标题', 10, NULL, NULL, NULL, NULL, NULL, NULL, NULL, 1, 0, 0, 0, 1),
(320, 9, 'titleColor', '标题颜色', 10, NULL, NULL, NULL, NULL, NULL, NULL, NULL, 6, 0, 0, 0, 1),
(321, 9, 'tagStr', 'Tag标签', 10, NULL, NULL, NULL, NULL, NULL, NULL, NULL, 1, 1, 0, 0, 1),
(322, 9, 'description', '摘要', 10, NULL, NULL, NULL, NULL, NULL, NULL, NULL, 4, 1, 0, 0, 1),
(323, 9, 'author', '作者', 10, NULL, NULL, NULL, NULL, NULL, NULL, NULL, 1, 0, 0, 0, 1),
(324, 9, 'origin', '来源', 10, NULL, NULL, NULL, NULL, NULL, NULL, NULL, 1, 0, 0, 0, 1),
(325, 9, 'viewGroupIds', '浏览权限', 10, NULL, NULL, NULL, NULL, NULL, NULL, NULL, 7, 1, 0, 0, 1),
(326, 9, 'topLevel', '固顶级别', 10, NULL, NULL, NULL, NULL, NULL, NULL, NULL, 6, 0, 0, 0, 1),
(327, 9, 'releaseDate', '发布时间', 10, NULL, NULL, NULL, NULL, NULL, NULL, NULL, 5, 0, 0, 0, 1),
(328, 9, 'typeId', '内容类型', 10, NULL, NULL, NULL, NULL, NULL, NULL, NULL, 6, 0, 0, 0, 1),
(329, 9, 'tplContent', '指定模板', 10, NULL, NULL, NULL, NULL, NULL, NULL, NULL, 6, 0, 0, 0, 1),
(330, 9, 'docPath', '文档', 10, NULL, NULL, NULL, NULL, NULL, NULL, NULL, 4, 1, 0, 0, 1),
(333, 9, 'downNeed', '下载需要财富', 10, NULL, NULL, NULL, NULL, NULL, NULL, NULL, 2, 1, 0, 0, 1),
(334, 9, 'isOpen', '是否开放', 10, NULL, NULL, NULL, NULL, NULL, NULL, NULL, 7, 1, 0, 0, 1),
(335, 1, 'workflowId', '工作流', 10, NULL, NULL, NULL, NULL, NULL, '留空则继承上级栏目设置，顶层为空无需审核', NULL, 6, 1, 1, 0, 1),
(336, 2, 'workflowId', '工作流', 10, NULL, NULL, NULL, NULL, NULL, '留空则继承上级栏目设置，顶层为空无需审核', NULL, 6, 1, 1, 0, 1),
(337, 3, 'workflowId', '工作流', 10, NULL, NULL, NULL, NULL, NULL, '留空则继承上级栏目设置，顶层为空无需审核', NULL, 6, 1, 1, 0, 1),
(338, 4, 'workflowId', '工作流', 10, NULL, NULL, NULL, NULL, NULL, '留空则继承上级栏目设置，顶层为空无需审核', NULL, 6, 1, 1, 0, 1),
(339, 5, 'workflowId', '工作流', 10, NULL, NULL, NULL, NULL, NULL, '留空则继承上级栏目设置，顶层为空无需审核', NULL, 6, 1, 1, 0, 1),
(340, 6, 'workflowId', '工作流', 10, NULL, NULL, NULL, NULL, NULL, '留空则继承上级栏目设置，顶层为空无需审核', NULL, 6, 1, 1, 0, 1),
(341, 7, 'workflowId', '工作流', 10, NULL, NULL, NULL, NULL, NULL, '留空则继承上级栏目设置，顶层为空无需审核', NULL, 6, 1, 1, 0, 1),
(342, 8, 'workflowId', '工作流', 10, NULL, NULL, NULL, NULL, NULL, '留空则继承上级栏目设置，顶层为空无需审核', NULL, 6, 1, 1, 0, 1),
(343, 9, 'workflowId', '工作流', 10, NULL, NULL, NULL, NULL, NULL, '留空则继承上级栏目设置，顶层为空无需审核', NULL, 6, 1, 1, 0, 1),
(344, 1, 'channelId', '栏目', 8, NULL, NULL, NULL, NULL, NULL, NULL, NULL, 6, 1, 0, 0, 1),
(403, 6, 'Director', '导演', 10, '', '', '', '1', '2', '', '', 1, 0, 0, 1, 1),
(404, 6, 'Starring', '主演', 10, '', '', '', '1', '30', '', '', 1, 0, 0, 1, 1),
(405, 6, 'VideoType', '视频类型', 10, NULL, '历史,古装,都市,喜剧,悬疑,动作,谍战,伦理,战争,惊悚', NULL, '3', '30', NULL, NULL, 7, 0, 0, 1, 1),
(406, 6, 'Video', '影片信息', 10, '', '正片,预告片', '', '3', '30', '', '', 6, 0, 0, 1, 1),
(407, 123, 'name', '栏目名称', 10, NULL, NULL, NULL, NULL, NULL, NULL, NULL, 1, 0, 1, 0, 1),
(408, 123, 'path', '访问路径', 10, NULL, NULL, NULL, NULL, NULL, NULL, NULL, 2, 0, 1, 0, 1),
(409, 123, 'title', 'meta标题', 10, NULL, NULL, NULL, NULL, NULL, NULL, NULL, 1, 0, 1, 0, 1),
(410, 123, 'keywords', 'meta关键字', 10, NULL, NULL, NULL, NULL, NULL, NULL, NULL, 1, 0, 1, 0, 1),
(411, 123, 'description', 'meta描述', 10, NULL, NULL, NULL, NULL, NULL, NULL, NULL, 4, 1, 1, 0, 1),
(412, 123, 'tplChannel', '栏目模板', 10, NULL, NULL, NULL, NULL, NULL, NULL, NULL, 6, 0, 1, 0, 1),
(413, 123, 'tplContent', '内容模板', 10, NULL, NULL, NULL, NULL, NULL, NULL, NULL, 6, 0, 1, 0, 1),
(414, 123, 'channelStatic', '栏目静态化', 10, NULL, NULL, NULL, NULL, NULL, NULL, NULL, 4, 1, 1, 0, 1),
(415, 123, 'contentStatic', '内容静态化', 10, NULL, NULL, NULL, NULL, NULL, NULL, NULL, 4, 1, 1, 0, 1),
(416, 123, 'priority', '排列顺序', 10, NULL, NULL, NULL, NULL, NULL, NULL, NULL, 2, 0, 1, 0, 1),
(417, 123, 'display', '显示', 10, NULL, NULL, NULL, NULL, NULL, NULL, NULL, 8, 0, 1, 0, 1),
(418, 123, 'docImg', '文档图片', 10, NULL, NULL, NULL, NULL, NULL, NULL, NULL, 8, 1, 1, 0, 1),
(419, 123, 'finalStep', '终审级别', 10, NULL, NULL, NULL, NULL, NULL, NULL, NULL, 2, 0, 1, 0, 1),
(420, 123, 'afterCheck', '审核后', 10, NULL, NULL, NULL, NULL, NULL, NULL, NULL, 6, 0, 1, 0, 1),
(421, 123, 'commentControl', '评论', 10, NULL, NULL, NULL, NULL, NULL, NULL, NULL, 8, 0, 1, 0, 1),
(422, 123, 'allowUpdown', '顶踩', 10, NULL, NULL, NULL, NULL, NULL, NULL, NULL, 8, 0, 1, 0, 1),
(423, 123, 'viewGroupIds', '浏览权限', 10, NULL, NULL, NULL, NULL, NULL, NULL, NULL, 7, 0, 1, 0, 1),
(424, 123, 'contriGroupIds', '投稿权限', 10, NULL, NULL, NULL, NULL, NULL, NULL, NULL, 7, 0, 1, 0, 1),
(425, 123, 'userIds', '管理权限', 10, NULL, NULL, NULL, NULL, NULL, NULL, NULL, 7, 1, 1, 0, 1),
(426, 123, 'workflowId', '工作流', 10, NULL, NULL, NULL, NULL, NULL, NULL, NULL, 6, 1, 1, 0, 1),
(427, 123, 'link', '外部链接', 10, NULL, NULL, NULL, NULL, NULL, NULL, NULL, 1, 1, 1, 0, 1),
(428, 123, 'titleImg', '标题图', 10, NULL, NULL, NULL, NULL, NULL, NULL, NULL, 1, 1, 1, 0, 1),
(429, 123, 'contentImg', '内容图', 10, NULL, NULL, NULL, NULL, NULL, NULL, NULL, 1, 1, 1, 0, 1),
(430, 123, 'txt', '内容', 10, NULL, NULL, NULL, NULL, NULL, NULL, NULL, 4, 1, 1, 0, 1),
(431, 123, 'txt1', '内容1', 10, NULL, NULL, NULL, NULL, NULL, NULL, NULL, 4, 1, 1, 0, 1),
(432, 123, 'txt2', '内容2', 10, NULL, NULL, NULL, NULL, NULL, NULL, NULL, 4, 1, 1, 0, 1),
(433, 123, 'txt3', '内容3', 10, NULL, NULL, NULL, NULL, NULL, NULL, NULL, 4, 1, 1, 0, 1);
-- --------------------------------------------------------


INSERT INTO `jc_channel_ext` VALUES ('69', '新闻', null, null, '0', '0', '0', '0', '20', null, null, null, null, null, null, null, '1', '0', '139', '139', '310', '310', '0', '1', '0', '新闻', '新闻', '新闻', '0', '0');
INSERT INTO `jc_channel_ext` VALUES ('70', '图库', null, null, '0', '0', '0', '0', '20', null, null, null, null, null, null, null, '0', '0', '139', '139', '310', '310', '0', '1', '0', '图库', '图库', '图库', '0', '0');
INSERT INTO `jc_channel_ext` VALUES ('71', '财经', null, null, '0', '0', '0', '0', '20', null, null, null, '/WEB-INF/html_front/cms/www/two/channel/news_finance.html', null, null, null, '1', '0', '139', '139', '310', '310', '0', '1', '0', '财经', '财经', '财经', '0', '0');
INSERT INTO `jc_channel_ext` VALUES ('72', '下载', null, null, '0', '0', '1', '0', '20', null, null, null, null, null, null, null, '1', '0', '139', '139', '310', '310', '0', '1', '0', '下载', '下载', '下载', '0', '0');
INSERT INTO `jc_channel_ext` VALUES ('73', '教育', null, null, '0', '0', '0', '0', '20', null, null, null, '/WEB-INF/html_front/cms/www/two/channel/news_edu.html', null, null, null, '0', '0', '139', '139', '310', '310', '0', '1', '0', '教育', '教育', '教育', '0', '0');
INSERT INTO `jc_channel_ext` VALUES ('74', '汽车', null, null, '0', '0', '0', '0', '20', null, null, null, '/WEB-INF/html_front/cms/www/two/channel/news_car.html', null, null, null, '1', '0', '139', '139', '310', '310', '0', '1', '0', '汽车', '汽车', '汽车', '0', '0');
INSERT INTO `jc_channel_ext` VALUES ('75', '娱乐', null, null, '0', '0', '0', '0', '20', null, null, null, '/WEB-INF/html_front/cms/www/two/channel/news_relax.html', null, null, null, '0', '0', '139', '139', '310', '310', '0', '1', '0', '娱乐', '娱乐', '娱乐', '0', '0');
INSERT INTO `jc_channel_ext` VALUES ('76', '招聘', null, null, '0', '0', '0', '0', '20', null, null, null, null, null, null, null, '0', '0', '139', '139', '310', '310', '0', '1', '0', '招聘', '招聘', '招聘', '0', '0');
INSERT INTO `jc_channel_ext` VALUES ('77', '视频', null, null, '0', '0', '0', '0', '20', null, null, null, null, null, null, null, '0', '0', '139', '139', '310', '310', '0', '1', '0', '视频', '视频', '视频', '0', '0');
INSERT INTO `jc_channel_ext` VALUES ('78', '文库', null, null, '0', '0', '0', '0', '20', null, null, null, null, null, null, null, '0', '0', '139', '139', '310', '310', '0', '1', '0', '文库', '文库', '文库', '0', '0');
INSERT INTO `jc_channel_ext` VALUES ('79', '时政', null, null, '0', '0', '0', '0', '20', null, null, null, '/WEB-INF/html_front/cms/www/two/channel/news_sub.html', null, null, null, '0', '0', '139', '139', '310', '310', '0', '1', '0', '时政', '时政', '时政', '0', '0');
INSERT INTO `jc_channel_ext` VALUES ('80', '国际新闻', null, null, '0', '0', '0', '0', '20', null, null, null, '/WEB-INF/html_front/cms/www/two/channel/news_sub.html', null, null, null, '0', '0', '139', '139', '310', '310', '0', '1', '0', '国际新闻', '国际新闻', '国际新闻', '0', '0');
INSERT INTO `jc_channel_ext` VALUES ('81', '国内新闻', null, null, '0', '0', '0', '0', '20', null, null, null, '/WEB-INF/html_front/cms/www/two/channel/news_sub.html', null, null, null, '0', '0', '139', '139', '310', '310', '0', '1', '0', '国内新闻', '国内新闻', '国内新闻', '0', '0');
INSERT INTO `jc_channel_ext` VALUES ('82', '社会', null, null, '0', '0', '0', '0', '10', null, null, null, '/WEB-INF/html_front/cms/www/two/channel/news_sub.html', null, null, null, '1', '0', '139', '139', '310', '310', '0', '1', '0', '社会', '社会', '社会', '0', '0');
INSERT INTO `jc_channel_ext` VALUES ('83', '法治', null, null, '0', '0', '0', '0', '10', null, null, null, '/WEB-INF/html_front/cms/www/two/channel/news_sub.html', null, null, null, '1', '0', '139', '139', '310', '310', '0', '1', '0', '法治', '法治', '法治', '0', '0');
INSERT INTO `jc_channel_ext` VALUES ('84', '军事', null, null, '0', '0', '0', '0', '20', null, null, null, '/WEB-INF/html_front/cms/www/two/channel/news_sub.html', null, null, null, '1', '0', '139', '139', '310', '310', '0', '1', '0', '军事', '军事', '军事', '0', '0');
INSERT INTO `jc_channel_ext` VALUES ('85', '时尚', null, null, '0', '0', '0', '0', '20', null, null, null, '/WEB-INF/html_front/cms/www/two/channel/pic_sub.html', null, null, null, '1', '0', '139', '139', '310', '310', '0', '1', '0', '时尚', '时尚', '时尚', '0', '0');
INSERT INTO `jc_channel_ext` VALUES ('86', '校园', null, null, '0', '0', '0', '0', '20', null, null, null, '/WEB-INF/html_front/cms/www/two/channel/pic_sub.html', null, null, null, '1', '0', '139', '139', '310', '310', '0', '1', '0', '校园', '校园', '校园', '0', '0');
INSERT INTO `jc_channel_ext` VALUES ('87', '旅游', null, null, '0', '0', '0', '0', '20', null, null, null, '/WEB-INF/html_front/cms/www/two/channel/pic_sub.html', null, null, null, '1', '0', '139', '139', '310', '310', '0', '1', '0', '旅游', '旅游', '旅游', '0', '0');
INSERT INTO `jc_channel_ext` VALUES ('88', '要闻', null, null, '0', '0', '0', '0', '20', null, null, null, '/WEB-INF/html_front/cms/www/two/channel/news_sub.html', null, null, null, '1', '0', '139', '139', '310', '310', '0', '1', '0', '要闻', '要闻', '要闻', '0', '0');
INSERT INTO `jc_channel_ext` VALUES ('89', '股票', null, null, '0', '0', '0', '0', '20', null, null, null, '/WEB-INF/html_front/cms/www/two/channel/news_sub.html', null, null, null, '1', '0', '139', '139', '310', '310', '0', '1', '0', '股票', '股票', '股票', '0', '0');
INSERT INTO `jc_channel_ext` VALUES ('90', '理财', null, null, '0', '0', '0', '0', '20', null, null, null, '/WEB-INF/html_front/cms/www/two/channel/news_sub.html', null, null, null, '1', '0', '139', '139', '310', '310', '0', '1', '0', '理财', '理财', '理财', '0', '0');
INSERT INTO `jc_channel_ext` VALUES ('91', '软件', null, null, '0', '0', '1', '0', '20', null, null, null, null, null, null, null, '1', '0', '139', '139', '310', '310', '0', '1', '0', '软件', '软件', '软件', '0', '0');
INSERT INTO `jc_channel_ext` VALUES ('92', '游戏', null, null, '0', '0', '1', '0', '20', null, null, null, null, null, null, null, '1', '0', '139', '139', '310', '310', '0', '1', '0', '游戏', '游戏', '游戏', '0', '0');
INSERT INTO `jc_channel_ext` VALUES ('93', '工具', null, null, '0', '0', '1', '0', '20', null, null, null, null, null, null, null, '1', '0', '139', '139', '310', '310', '0', '1', '0', '工具', '工具', '工具', '0', '0');
INSERT INTO `jc_channel_ext` VALUES ('94', '文化', null, null, '0', '0', '0', '0', '20', null, null, null, '/WEB-INF/html_front/cms/www/two/channel/news_sub.html', null, null, null, '1', '0', '139', '139', '310', '310', '0', '1', '0', '文化', '文化', '文化', '0', '0');
INSERT INTO `jc_channel_ext` VALUES ('95', '历史', null, null, '0', '0', '0', '0', '20', null, null, null, '/WEB-INF/html_front/cms/www/two/channel/news_sub.html', null, null, null, '1', '0', '139', '139', '310', '310', '0', '1', '0', '历史', '历史', '历史', '0', '0');
INSERT INTO `jc_channel_ext` VALUES ('96', '车情', null, null, '0', '0', '0', '0', '20', null, null, null, '/WEB-INF/html_front/cms/www/two/channel/news_sub.html', null, null, null, '1', '0', '139', '139', '310', '310', '0', '1', '0', '车情', '车情', '车情', '0', '0');
INSERT INTO `jc_channel_ext` VALUES ('97', '图片', null, null, '0', '0', '0', '0', '20', null, null, null, '/WEB-INF/html_front/cms/www/two/channel/news_sub.html', null, null, null, '1', '0', '139', '139', '310', '310', '0', '1', '0', '图片', '图片', '图片', '0', '0');
INSERT INTO `jc_channel_ext` VALUES ('98', '新车', null, null, '0', '0', '0', '0', '20', null, null, null, '/WEB-INF/html_front/cms/www/two/channel/news_sub.html', null, null, null, '1', '0', '139', '139', '310', '310', '0', '1', '0', '新车', '新车', '新车', '0', '0');
INSERT INTO `jc_channel_ext` VALUES ('99', '维修', null, null, '0', '0', '0', '0', '20', null, null, null, '/WEB-INF/html_front/cms/www/two/channel/news_sub.html', null, null, null, '1', '0', '139', '139', '310', '310', '0', '1', '0', '维修', '维修', '维修', '0', '0');
INSERT INTO `jc_channel_ext` VALUES ('100', '明星', null, null, '0', '0', '0', '0', '20', null, null, null, '/WEB-INF/html_front/cms/www/two/channel/news_sub.html', null, null, null, '1', '0', '139', '139', '310', '310', '0', '1', '0', '明星', '明星', '明星', '0', '0');
INSERT INTO `jc_channel_ext` VALUES ('101', '八卦', null, null, '0', '0', '0', '0', '20', null, null, null, '/WEB-INF/html_front/cms/www/two/channel/news_sub.html', null, null, null, '1', '0', '139', '139', '310', '310', '0', '1', '0', '八卦', '八卦', '八卦', '0', '0');
INSERT INTO `jc_channel_ext` VALUES ('102', '情感', null, null, '0', '0', '0', '0', '20', null, null, null, '/WEB-INF/html_front/cms/www/two/channel/news_sub.html', null, null, null, '1', '0', '139', '139', '310', '310', '0', '1', '0', '情感', '情感', '情感', '0', '0');
INSERT INTO `jc_channel_ext` VALUES ('103', 'IT', null, null, '0', '0', '0', '0', '20', null, null, null, '/WEB-INF/html_front/cms/www/two/channel/hire.html', null, null, null, '1', '0', '139', '139', '310', '310', '0', '1', '0', 'IT', 'IT', 'IT', '0', '0');
INSERT INTO `jc_channel_ext` VALUES ('104', '通信', null, null, '0', '0', '0', '0', '20', null, null, null, null, null, null, null, '1', '0', '139', '139', '310', '310', '0', '1', '0', '通信', '通信', '通信', '0', '0');
INSERT INTO `jc_channel_ext` VALUES ('105', '家电', null, null, '0', '0', '0', '0', '20', null, null, null, null, null, null, null, '1', '0', '139', '139', '310', '310', '0', '1', '0', '家电', '家电', '家电', '0', '0');
INSERT INTO `jc_channel_ext` VALUES ('106', '电影', null, null, '0', '0', '0', '0', '20', null, null, null, null, null, null, null, '1', '0', '139', '139', '310', '310', '0', '1', '0', '电影', '电影', '电影', '0', '0');
INSERT INTO `jc_channel_ext` VALUES ('107', '综艺', null, null, '0', '0', '0', '0', '20', null, null, null, null, null, null, null, '1', '0', '139', '139', '310', '310', '0', '1', '0', '综艺', '综艺', '综艺', '0', '0');
INSERT INTO `jc_channel_ext` VALUES ('108', '电视', null, null, '0', '0', '0', '0', '20', null, null, null, null, null, null, null, '1', '0', '139', '139', '310', '310', '0', '1', '0', '电视剧', '电视剧', '电视剧', '0', '0');
INSERT INTO `jc_channel_ext` VALUES ('109', '教育', null, null, '0', '0', '0', '0', '20', null, null, null, null, null, null, null, '1', '0', '139', '139', '310', '310', '0', '1', '0', '教育', '教育', '教育', '0', '0');
INSERT INTO `jc_channel_ext` VALUES ('110', '科技', null, null, '0', '0', '0', '0', '20', null, null, null, null, null, null, null, '1', '0', '139', '139', '310', '310', '0', '1', '0', '科技', '科技', '科技', '0', '0');
INSERT INTO `jc_channel_ext` VALUES ('111', '网络调查', null, null, '0', '0', '0', '0', '20', null, null, null, '/WEB-INF/t/cms/www/two/channel/news_net.html', null, null, null, '0', '0', '139', '139', '310', '310', '0', '1', '0', null, null, null, '0', '0');

INSERT INTO `jc_channel_model` (`channel_id`, `model_id`, `tpl_content`, `priority`) VALUES
(69, 1, '', 0),
(69, 3, '', 1),
(69, 4, '', 2),
(69, 5, '', 3),
(69, 6, '', 4),
(69, 7, '', 5),
(69, 8, '', 6),
(69, 9, '', 7),
(70, 1, '', 0),
(70, 3, '', 1),
(70, 4, '', 2),
(70, 5, '', 3),
(70, 6, '', 4),
(70, 7, '', 5),
(70, 8, '', 6),
(70, 9, '', 7),
(71, 1, '', 0),
(71, 3, '', 1),
(71, 4, '', 2),
(71, 5, '', 3),
(71, 6, '', 4),
(71, 7, '', 5),
(71, 8, '', 6),
(71, 9, '', 7),
(72, 1, '', 0),
(72, 3, '', 1),
(72, 4, '', 2),
(72, 5, '', 3),
(72, 6, '', 4),
(72, 7, '', 5),
(72, 8, '', 6),
(72, 9, '', 7),
(73, 1, '', 0),
(73, 3, '', 1),
(73, 4, '', 2),
(73, 5, '', 3),
(73, 6, '', 4),
(73, 7, '', 5),
(73, 8, '', 6),
(73, 9, '', 7),
(74, 1, '', 0),
(74, 3, '', 1),
(74, 4, '', 2),
(74, 5, '', 3),
(74, 6, '', 4),
(74, 7, '', 5),
(74, 8, '', 6),
(74, 9, '', 7),
(75, 1, '', 0),
(75, 3, '', 1),
(75, 4, '', 2),
(75, 5, '', 3),
(75, 6, '', 4),
(75, 7, '', 5),
(75, 8, '', 6),
(75, 9, '', 7),
(76, 8, '', 0),
(77, 6, '', 0),
(78, 9, '', 0),
(79, 1, '', 0),
(79, 5, '', 1),
(79, 6, '', 2),
(80, 1, '', 0),
(80, 5, '', 1),
(80, 6, '', 2),
(81, 1, '', 0),
(81, 5, '', 1),
(81, 6, '', 2),
(82, 1, '', 0),
(82, 5, '', 1),
(82, 6, '', 2),
(83, 1, '', 0),
(83, 5, '', 1),
(83, 6, '', 2),
(84, 1, '', 0),
(84, 5, '', 1),
(84, 6, '', 2),
(85, 1, '', 0),
(85, 5, '', 1),
(85, 6, '', 2),
(86, 1, '', 0),
(86, 5, '', 1),
(86, 6, '', 2),
(87, 1, '', 0),
(87, 5, '', 1),
(87, 6, '', 2),
(88, 1, '', 0),
(89, 1, '', 0),
(90, 1, '', 0),
(91, 4, '', 0),
(92, 4, '', 0),
(93, 4, '', 0),
(94, 1, '', 0),
(94, 4, '', 1),
(94, 5, '', 2),
(94, 6, '', 3),
(94, 9, '', 4),
(95, 1, '', 0),
(95, 5, '', 1),
(95, 6, '', 2),
(95, 9, '', 3),
(96, 1, '', 0),
(96, 6, '', 1),
(96, 9, '', 2),
(97, 1, '', 0),
(97, 5, '', 1),
(97, 6, '', 2),
(98, 1, '', 0),
(98, 5, '', 1),
(99, 1, '', 0),
(99, 5, '', 1),
(99, 6, '', 2),
(100, 1, '', 0),
(100, 5, '', 1),
(100, 6, '', 2),
(101, 1, '', 0),
(101, 5, '', 1),
(101, 6, '', 2),
(102, 1, '', 0),
(103, 8, '', 0),
(104, 8, '', 0),
(105, 8, '', 0),
(106, 6, '', 0),
(107, 6, '', 0),
(108, 6, '', 0),
(109, 9, '', 0),
(110, 9, '', 0);

-- --------------------------------------------------------
